,experiment,merge_method,dataset,accuracy,precision,recall,f1_score
0,Merging 3 Task Vectors,barycenter,CIFAR100,88.86,90.12949896462406,88.85999999999999,89.08049106669948
1,Merging 3 Task Vectors,barycenter,Food101,72.46732673267327,80.50897979272578,72.46732673267327,74.14556952441646
2,Merging 3 Task Vectors,barycenter,Flowers102,98.72549019607844,98.91665524018465,98.72152901564667,98.75246593536602
3,Merging 3 Task Vectors,linear,CIFAR100,85.37,86.17722268136579,85.36999999999998,85.3013571699908
4,Merging 3 Task Vectors,linear,Food101,80.9980198019802,82.45620919516674,80.99801980198018,81.09592793951833
5,Merging 3 Task Vectors,linear,Flowers102,99.01960784313727,99.1354723707665,99.006734006734,99.03514193482759
6,Merging 3 Task Vectors,pairwise_slerp,CIFAR100,89.73,90.57161149342382,89.72999999999999,89.86155513978909
7,Merging 3 Task Vectors,pairwise_slerp,Food101,74.28118811881188,81.32573296625706,74.28118811881187,75.80039880380329
8,Merging 3 Task Vectors,pairwise_slerp,Flowers102,98.52941176470588,98.83381324557796,98.5036640918994,98.56540626301222
